<?xml version="1.0" encoding="utf-8"?>
<Configuration>
	<Payload adobeCode="{9124DF4E-617D-486B-A970-8FA632244F24}">
		<Data key="defaultAdobeCode">Photoshop-Installer-AdobeCode</Data>
		<Data key="LicensingCode">Photoshop-CS6-Win-GM</Data>
		<Data key="BridgeTalkCode">/adobe/bridgetalk/photoshop-60.032</Data>
		<Data key="AMTConfigPath">D:\Ps\Adobe Photoshop CS6\AMT\application.xml</Data><Data key="DefaultDriverPayload">{74EB3499-8B95-4B5C-96EB-7B342F3FD0C6}</Data><Data key="InstallDate">1336230095</Data><Data key="driverAMTConfigPath">C:\Program Files\Common Files\Adobe\Adobe Photoshop CS6\AMT_Driver\application.xml</Data><Data key="driverLEID">Photoshop-CS6-Win-GM</Data><Data key="installedLanguages">en_US,zh_CN,zh_TW</Data></Payload>
	<Other adobeCode="Photoshop-CS6-Win-GM">
		<Data key="EPIC_APP">Adobe Photoshop CS6</Data>
		<Data key="EPIC_APP_45">Adobe Photoshop CS6</Data>
		<Data key="EPIC_APP_330">Adobe Photoshop CS6 Extended</Data>
		<Data key="TrialSerialNumber">926287011921234454671866</Data>
		<Data key="ExpirationDate"></Data>
		<Data key="NTL_WO_SN"></Data>
		<Data key="PayloadCode">{9124DF4E-617D-486B-A970-8FA632244F24}</Data></Other>
	<Other adobeCode="/adobe/bridgetalk/photoshop-60.032">
		<Data key="Specifier">photoshop-60.032</Data>
		<Data key="ExecutableBasename">Photoshop</Data>
		<Data key="BundleIdentifier">com.adobe.Photoshop</Data>
		<Data key="DisplayName">Adobe Photoshop CS6</Data>
		<Data key="BridgeTalkVersion">2</Data>
		<Data key="SupportsESTK">true</Data>
	</Other>
</Configuration>
